{
  "LSTM": {
    "mse": 0.0276313197474079,
    "mae": 0.1221996248991526,
    "rmse": 0.16622671189495358
  },
  "GRU": {
    "mse": 0.023142486548000437,
    "mae": 0.10331111938543465,
    "rmse": 0.1521265478080681
  },
  "CNN-LSTM": {
    "mse": 0.024639257361384618,
    "mae": 0.11709031430376103,
    "rmse": 0.1569689694219358
  },
  "Transformer": {
    "mse": 0.025882792111252474,
    "mae": 0.07936508180599572,
    "rmse": 0.16088129820228475
  }
}