{
  "GRU": {
    "mse": 0.025379788182267823,
    "mae": 0.11550129345251257,
    "rmse": 0.15931035177372443
  }
}